train_size,test,train
2412,1.7991369999999733,0.24743099999977858
4825,2.9853800000000774,0.963276999998925
7238,3.646896000000197,2.095649000000776
9651,4.109026000000085,3.935338999999658
12064,4.202471000000514,6.09908600000017
14477,4.014371999999639,9.020493999998507
16890,3.5012299999998504,12.562717000000703
19303,2.6379780000006576,16.44012499999917
21716,1.4729850000003353,20.969543999999587
