train_size,train,test
3860,0.0005590000000665896,0.8956049999997049
