train_size,train,test
2944,0.003110999999989872,0.1541670000005979
