train_size,train,test
3860,0.0006089999988034833,0.9070029999984399
