C,test,train
0.001,0.6114130434782609,0.6114130434782609
0.01,0.6644021739130433,0.6688858695652173
0.1,0.9054347826086957,0.9109375
1.0,0.93125,0.9474864130434781
10.0,0.9355978260869564,0.9704483695652174
100.0,0.9323369565217391,0.9879076086956522
1000.0,0.9211956521739131,0.9949728260869565
