n_neighbors,train,test
1,0.9728940217391304,0.8529891304347826
