base_estimator__max_depth,train,test
1,0.8654146975668426,0.8633068353099631
