hidden_layer_sizes,train,validation
"(1,)",0.8483153284610099,0.8458703557600759
"(5, 10)",0.854821974218931,0.8470306512052778
"(12, 10)",0.860116402694399,0.850594937157247
