gamma,test,train
0.001,0.8425958817575147,0.8444506490355084
0.0001,0.8248162806149777,0.826080646601193
