C,test,train
1,0.93125,0.9474864130434781
10,0.9355978260869564,0.9704483695652174
100,0.9323369565217391,0.9879076086956522
1000,0.9211956521739131,0.9949728260869565
