n_estimators,train,test
1,0.8097826086956523,0.8076086956521739
11,0.8780570652173912,0.8728260869565216
21,0.8806385869565216,0.8755434782608695
31,0.8836956521739131,0.8766304347826088
41,0.8844429347826088,0.8760869565217391
51,0.8864130434782608,0.8771739130434784
61,0.8886548913043478,0.8777173913043477
71,0.8898777173913043,0.8779891304347827
81,0.8919157608695653,0.8785326086956523
91,0.8939538043478261,0.8793478260869566
