C,test,train
1,0.8479011690501723,0.8499420105657614
10,0.8258936401566748,0.831168015502324
100,0.770403123191976,0.767644181220063
1000,0.7507970773208988,0.7507357212209638
