gamma,test,train
0.001,0.8991847826086957,0.904483695652174
0.0001,0.8021739130434783,0.8037364130434783
