C,test,train
1,0.8331521739130435,0.8366168478260869
10,0.8502717391304347,0.8523097826086957
100,0.794836956521739,0.7980978260869566
1000,0.8307065217391305,0.8359375
