max_depth,train,test
1,0.7947690217391304,0.7853260869565217
2,0.8645380434782609,0.8652173913043478
