C,test,train
1,0.845207057452091,0.864633840597568
10,0.8398196586343442,0.8877906369081611
100,0.8297899616900187,0.9028347663330036
1000,0.8186421070597063,0.9162729744674296
