n_estimators,train,test
1,0.8572205786903574,0.8475177901147235
2,0.8805127167835385,0.8739163015641134
5,0.9296589534059349,0.9239168309749839
