gamma,test,train
0.01,0.9309782608695653,0.9422554347826086
0.1,0.9108695652173914,0.9731657608695652
1.0,0.7839673913043479,0.9947690217391305
10.0,0.7407608695652174,0.9978940217391304
100.0,0.713858695652174,0.9985733695652174
