max_iter,train,validation
2,0.6701766304347826,0.6679347826086957
3,0.836209239130435,0.830163043478261
