C,test,train
0.1,0.8328985810601205,0.8359857643442853
