n_estimators,train,test
1,0.8251792382152026,0.8248994226130864
11,0.8428654338098778,0.8423061041572073
21,0.8463777848572882,0.8439225470716855
31,0.8497658383253113,0.8471966947577906
41,0.8520660171781327,0.8493932252839436
51,0.8534958360069365,0.8510096510238716
61,0.8547806179124293,0.85142403857404
71,0.8552882911583601,0.8518800314723635
81,0.8556198533545134,0.8513412915905887
91,0.856324414567365,0.8513826736695895
