max_depth,train,test
1,0.7947690217391304,0.7853260869565217
2,0.8645380434782609,0.8652173913043478
3,0.8948369565217391,0.8891304347826088
4,0.9150815217391305,0.9021739130434783
