hidden_layer_sizes,train,validation
"(1,)",0.8483153284610099,0.8458703557600759
